scenario,source_2025_xml,sector,subsector,technology,energy_input,efficiency_2025,long_run_platform,half_life_years,efficiency_2030,efficiency_2035,efficiency_2040,efficiency_2045,efficiency_2050,efficiency_2055,efficiency_2060,efficiency_2065,efficiency_2070,efficiency_2075,efficiency_2080,efficiency_2085,efficiency_2090,efficiency_2095,efficiency_2100
conservative,HK_bld_tech_eff_2025_conservative.xml,comm heating,biomass,wood furnace,delivered biomass,0.6915,0.75,25,0.6991,0.7057,0.7114,0.7164,0.7208,0.7245,0.7278,0.7307,0.7332,0.7354,0.7373,0.7389,0.7404,0.7416,0.7427
conservative,HK_bld_tech_eff_2025_conservative.xml,comm heating,coal,coal furnace,delivered coal,0.6915,0.75,25,0.6991,0.7057,0.7114,0.7164,0.7208,0.7245,0.7278,0.7307,0.7332,0.7354,0.7373,0.7389,0.7404,0.7416,0.7427
conservative,HK_bld_tech_eff_2025_conservative.xml,comm heating,gas,gas furnace,delivered gas,0.7778,0.86,25,0.7884,0.7977,0.8058,0.8128,0.8189,0.8242,0.8289,0.8329,0.8364,0.8395,0.8421,0.8444,0.8464,0.8482,0.8497
conservative,HK_bld_tech_eff_2025_conservative.xml,comm heating,gas,gas furnace hi-eff,delivered gas,1.5,1.58,25,1.5104,1.5194,1.5272,1.5341,1.54,1.5452,1.5497,1.5536,1.557,1.56,1.5626,1.5648,1.5668,1.5685,1.57
conservative,HK_bld_tech_eff_2025_conservative.xml,comm heating,electricity,electric furnace,elect_td_bld,1,1,fixed,1,1,1,1,1,1,1,1,1,1,1,1,1,1,1
conservative,HK_bld_tech_eff_2025_conservative.xml,comm heating,electricity,electric heat pump,elect_td_bld,1.7647,3.2,18,2.0161,2.2234,2.3945,2.5355,2.6519,2.7479,2.8271,2.8924,2.9463,2.9907,3.0274,3.0576,3.0825,3.1031,3.1201
conservative,HK_bld_tech_eff_2025_conservative.xml,comm heating,refined liquids,fuel furnace,refined liquids enduse,0.814,0.88,25,0.8225,0.83,0.8365,0.8421,0.847,0.8513,0.855,0.8582,0.861,0.8635,0.8656,0.8675,0.8691,0.8705,0.8718
conservative,HK_bld_tech_eff_2025_conservative.xml,comm heating,heat,district heat,district heat,0.9,0.9,fixed,0.9,0.9,0.9,0.9,0.9,0.9,0.9,0.9,0.9,0.9,0.9,0.9,0.9,0.9,0.9
conservative,HK_bld_tech_eff_2025_conservative.xml,comm cooling,electricity,air conditioning,elect_td_bld,3,4.2,20,3.1909,3.3515,3.4865,3.6,3.6955,3.7757,3.8432,3.9,3.9477,3.9879,4.0216,4.05,4.0739,4.0939,4.1108
conservative,HK_bld_tech_eff_2025_conservative.xml,comm cooling,electricity,air conditioning hi-eff,elect_td_bld,4.6512,5.8,20,4.834,4.9877,5.1169,5.2256,5.317,5.3938,5.4585,5.5128,5.5585,5.5969,5.6292,5.6564,5.6792,5.6985,5.7146
conservative,HK_bld_tech_eff_2025_conservative.xml,comm hot water_cooking,gas,gas water heater,delivered gas,0.7778,0.88,25,0.791,0.8025,0.8126,0.8213,0.8289,0.8355,0.8413,0.8463,0.8507,0.8545,0.8578,0.8606,0.8631,0.8653,0.8672
conservative,HK_bld_tech_eff_2025_conservative.xml,comm hot water_cooking,gas,gas water heater hi-eff,delivered gas,1.5,1.58,25,1.5104,1.5194,1.5272,1.5341,1.54,1.5452,1.5497,1.5536,1.557,1.56,1.5626,1.5648,1.5668,1.5685,1.57
conservative,HK_bld_tech_eff_2025_conservative.xml,comm hot water_cooking,electricity,electric resistance water heater,elect_td_bld,1,1,fixed,1,1,1,1,1,1,1,1,1,1,1,1,1,1,1
conservative,HK_bld_tech_eff_2025_conservative.xml,comm hot water_cooking,refined liquids,fuel water heater,refined liquids enduse,1,1,fixed,1,1,1,1,1,1,1,1,1,1,1,1,1,1,1
conservative,HK_bld_tech_eff_2025_conservative.xml,comm hot water_cooking,coal,coal water heater,delivered coal,1,1,fixed,1,1,1,1,1,1,1,1,1,1,1,1,1,1,1
conservative,HK_bld_tech_eff_2025_conservative.xml,comm lighting,electricity,elec light,elect_td_bld,0.028,0.034,15,0.0292,0.0302,0.031,0.0316,0.0321,0.0325,0.0328,0.0331,0.0333,0.0334,0.0335,0.0336,0.0337,0.0338,0.0338
conservative,HK_bld_tech_eff_2025_conservative.xml,comm lighting,electricity,fluorescent,elect_td_bld,0.0482,0.055,15,0.0496,0.0507,0.0516,0.0523,0.0529,0.0533,0.0537,0.0539,0.0542,0.0543,0.0545,0.0546,0.0547,0.0547,0.0548
conservative,HK_bld_tech_eff_2025_conservative.xml,comm appliances,electricity,electric appliances,elect_td_bld,1.1364,1.4,25,1.1705,1.2002,1.2261,1.2486,1.2682,1.2853,1.3001,1.313,1.3243,1.3341,1.3426,1.3501,1.3565,1.3622,1.367
conservative,HK_bld_tech_eff_2025_conservative.xml,resid_urban heating modern_d1,coal,coal furnace,delivered coal,0.4255,0.52,25,0.4377,0.4484,0.4577,0.4657,0.4728,0.4789,0.4842,0.4888,0.4929,0.4964,0.4994,0.5021,0.5044,0.5064,0.5082
conservative,HK_bld_tech_eff_2025_conservative.xml,resid_urban heating modern_d1,biomass,wood furnace,delivered biomass,0.4255,0.52,25,0.4377,0.4484,0.4577,0.4657,0.4728,0.4789,0.4842,0.4888,0.4929,0.4964,0.4994,0.5021,0.5044,0.5064,0.5082
conservative,HK_bld_tech_eff_2025_conservative.xml,resid_urban heating modern_d1,gas,gas furnace,delivered gas,0.8125,0.88,25,0.8212,0.8288,0.8355,0.8412,0.8462,0.8506,0.8544,0.8577,0.8606,0.8631,0.8653,0.8672,0.8689,0.8703,0.8716
conservative,HK_bld_tech_eff_2025_conservative.xml,resid_urban heating modern_d1,gas,gas furnace hi-eff,delivered gas,0.875,0.92,25,0.8808,0.8859,0.8903,0.8942,0.8975,0.9004,0.9029,0.9052,0.9071,0.9088,0.9102,0.9115,0.9126,0.9135,0.9144
conservative,HK_bld_tech_eff_2025_conservative.xml,resid_urban heating modern_d1,electricity,electric furnace,elect_td_bld,1,1,fixed,1,1,1,1,1,1,1,1,1,1,1,1,1,1,1
conservative,HK_bld_tech_eff_2025_conservative.xml,resid_urban heating modern_d1,refined liquids,fuel furnace,refined liquids enduse,0.8125,0.88,25,0.8212,0.8288,0.8355,0.8412,0.8462,0.8506,0.8544,0.8577,0.8606,0.8631,0.8653,0.8672,0.8689,0.8703,0.8716
conservative,HK_bld_tech_eff_2025_conservative.xml,resid_urban heating modern_d1,refined liquids,fuel furnace hi-eff,refined liquids enduse,0.875,0.92,25,0.8808,0.8859,0.8903,0.8942,0.8975,0.9004,0.9029,0.9052,0.9071,0.9088,0.9102,0.9115,0.9126,0.9135,0.9144
conservative,HK_bld_tech_eff_2025_conservative.xml,resid_urban heating modern_d1,heat,district heat,district heat,0.9,0.9,fixed,0.9,0.9,0.9,0.9,0.9,0.9,0.9,0.9,0.9,0.9,0.9,0.9,0.9,0.9,0.9
conservative,HK_bld_tech_eff_2025_conservative.xml,resid_urban cooling modern_d1,electricity,air conditioning,elect_td_bld,3.516,4.8,20,3.7203,3.8921,4.0365,4.158,4.2601,4.346,4.4183,4.479,4.5301,4.573,4.6091,4.6395,4.665,4.6865,4.7046
conservative,HK_bld_tech_eff_2025_conservative.xml,resid_urban cooling modern_d1,electricity,air conditioning hi-eff,elect_td_bld,4.0244,5.5,20,4.2592,4.4566,4.6226,4.7622,4.8796,4.9783,5.0613,5.1311,5.1898,5.2391,5.2807,5.3155,5.3449,5.3696,5.3903
conservative,HK_bld_tech_eff_2025_conservative.xml,resid_urban hot water_cooking modern_d1,gas,gas water heater,delivered gas,0.5652,0.7,25,0.5826,0.5978,0.6111,0.6226,0.6326,0.6413,0.6489,0.6555,0.6613,0.6663,0.6707,0.6745,0.6778,0.6806,0.6831
conservative,HK_bld_tech_eff_2025_conservative.xml,resid_urban hot water_cooking modern_d1,gas,gas water heater hi-eff,delivered gas,0.8542,0.9,25,0.8601,0.8653,0.8698,0.8737,0.8771,0.8801,0.8826,0.8849,0.8868,0.8885,0.89,0.8913,0.8924,0.8934,0.8943
conservative,HK_bld_tech_eff_2025_conservative.xml,resid_urban hot water_cooking modern_d1,electricity,electric resistance water heater,elect_td_bld,0.9,0.96,15,0.9124,0.9222,0.93,0.9362,0.9411,0.945,0.9481,0.9506,0.9525,0.954,0.9553,0.9562,0.957,0.9576,0.9581
conservative,HK_bld_tech_eff_2025_conservative.xml,resid_urban hot water_cooking modern_d1,electricity,electric resistance water heater hi-eff,elect_td_bld,1,1,fixed,1,1,1,1,1,1,1,1,1,1,1,1,1,1,1
conservative,HK_bld_tech_eff_2025_conservative.xml,resid_urban hot water_cooking modern_d1,refined liquids,fuel water heater,refined liquids enduse,0.5652,0.7,25,0.5826,0.5978,0.6111,0.6226,0.6326,0.6413,0.6489,0.6555,0.6613,0.6663,0.6707,0.6745,0.6778,0.6806,0.6831
conservative,HK_bld_tech_eff_2025_conservative.xml,resid_urban hot water_cooking modern_d1,refined liquids,fuel water heater hi-eff,refined liquids enduse,0.8542,0.9,25,0.8601,0.8653,0.8698,0.8737,0.8771,0.8801,0.8826,0.8849,0.8868,0.8885,0.89,0.8913,0.8924,0.8934,0.8943
conservative,HK_bld_tech_eff_2025_conservative.xml,resid_urban hot water_cooking modern_d1,coal,coal water heater,delivered coal,1,1,fixed,1,1,1,1,1,1,1,1,1,1,1,1,1,1,1
conservative,HK_bld_tech_eff_2025_conservative.xml,resid_urban lighting modern_d1,electricity,elec light,elect_td_bld,0.4167,0.48,15,0.4298,0.4401,0.4484,0.4549,0.4601,0.4642,0.4674,0.47,0.4721,0.4737,0.475,0.476,0.4769,0.4775,0.478
conservative,HK_bld_tech_eff_2025_conservative.xml,resid_urban appliances modern_d1,electricity,electric appliances,elect_td_bld,1.1364,1.4,25,1.1705,1.2002,1.2261,1.2486,1.2682,1.2853,1.3001,1.313,1.3243,1.3341,1.3426,1.3501,1.3565,1.3622,1.367
central,HK_bld_tech_eff_2025_policy_calibrated.xml,comm heating,biomass,wood furnace,delivered biomass,0.7386,0.82,20,0.7516,0.7624,0.7716,0.7793,0.7858,0.7912,0.7958,0.7996,0.8029,0.8056,0.8079,0.8098,0.8114,0.8128,0.8139
central,HK_bld_tech_eff_2025_policy_calibrated.xml,comm heating,coal,coal furnace,delivered coal,0.7386,0.82,20,0.7516,0.7624,0.7716,0.7793,0.7858,0.7912,0.7958,0.7996,0.8029,0.8056,0.8079,0.8098,0.8114,0.8128,0.8139
central,HK_bld_tech_eff_2025_policy_calibrated.xml,comm heating,gas,gas furnace,delivered gas,0.8235,0.92,20,0.8389,0.8518,0.8626,0.8718,0.8794,0.8859,0.8913,0.8959,0.8997,0.9029,0.9057,0.9079,0.9099,0.9115,0.9128
central,HK_bld_tech_eff_2025_policy_calibrated.xml,comm heating,gas,gas furnace hi-eff,delivered gas,1.5789,1.75,20,1.6061,1.629,1.6483,1.6644,1.6781,1.6895,1.6991,1.7072,1.714,1.7198,1.7246,1.7286,1.732,1.7349,1.7373
central,HK_bld_tech_eff_2025_policy_calibrated.xml,comm heating,electricity,electric furnace,elect_td_bld,1,1,fixed,1,1,1,1,1,1,1,1,1,1,1,1,1,1,1
central,HK_bld_tech_eff_2025_policy_calibrated.xml,comm heating,electricity,electric heat pump,elect_td_bld,2,4,15,2.4126,2.7401,3,3.2063,3.37,3.5,3.6031,3.685,3.75,3.8016,3.8425,3.875,3.9008,3.9213,3.9375
central,HK_bld_tech_eff_2025_policy_calibrated.xml,comm heating,refined liquids,fuel furnace,refined liquids enduse,0.8235,0.93,20,0.8404,0.8547,0.8667,0.8768,0.8852,0.8923,0.8983,0.9034,0.9076,0.9112,0.9142,0.9167,0.9188,0.9206,0.9221
central,HK_bld_tech_eff_2025_policy_calibrated.xml,comm heating,heat,district heat,district heat,0.9,0.9,fixed,0.9,0.9,0.9,0.9,0.9,0.9,0.9,0.9,0.9,0.9,0.9,0.9,0.9,0.9,0.9
central,HK_bld_tech_eff_2025_policy_calibrated.xml,comm cooling,electricity,air conditioning,elect_td_bld,3.3333,5,15,3.6771,3.95,4.1666,4.3386,4.475,4.5833,4.6693,4.7375,4.7917,4.8346,4.8688,4.8958,4.9173,4.9344,4.9479
central,HK_bld_tech_eff_2025_policy_calibrated.xml,comm cooling,electricity,air conditioning hi-eff,elect_td_bld,5,6.8,15,5.3713,5.6661,5.9,6.0857,6.233,6.35,6.4428,6.5165,6.575,6.6214,6.6583,6.6875,6.7107,6.7291,6.7438
central,HK_bld_tech_eff_2025_policy_calibrated.xml,comm hot water_cooking,gas,gas water heater,delivered gas,0.8537,0.94,20,0.8674,0.879,0.8887,0.8968,0.9037,0.9095,0.9143,0.9184,0.9219,0.9247,0.9272,0.9292,0.9309,0.9324,0.9336
central,HK_bld_tech_eff_2025_policy_calibrated.xml,comm hot water_cooking,gas,gas water heater hi-eff,delivered gas,1.5789,1.75,20,1.6061,1.629,1.6483,1.6644,1.6781,1.6895,1.6991,1.7072,1.714,1.7198,1.7246,1.7286,1.732,1.7349,1.7373
central,HK_bld_tech_eff_2025_policy_calibrated.xml,comm hot water_cooking,electricity,electric resistance water heater,elect_td_bld,1,1,fixed,1,1,1,1,1,1,1,1,1,1,1,1,1,1,1
central,HK_bld_tech_eff_2025_policy_calibrated.xml,comm hot water_cooking,refined liquids,fuel water heater,refined liquids enduse,1,1,fixed,1,1,1,1,1,1,1,1,1,1,1,1,1,1,1
central,HK_bld_tech_eff_2025_policy_calibrated.xml,comm hot water_cooking,coal,coal water heater,delivered coal,1,1,fixed,1,1,1,1,1,1,1,1,1,1,1,1,1,1,1
central,HK_bld_tech_eff_2025_policy_calibrated.xml,comm lighting,electricity,elec light,elect_td_bld,0.0323,0.043,12,0.035,0.037,0.0385,0.0396,0.0405,0.0411,0.0416,0.0419,0.0422,0.0424,0.0426,0.0427,0.0427,0.0428,0.0429
central,HK_bld_tech_eff_2025_policy_calibrated.xml,comm lighting,electricity,fluorescent,elect_td_bld,0.0547,0.07,12,0.0585,0.0614,0.0636,0.0652,0.0664,0.0673,0.068,0.0685,0.0689,0.0691,0.0694,0.0695,0.0696,0.0697,0.0698
central,HK_bld_tech_eff_2025_policy_calibrated.xml,comm appliances,electricity,electric appliances,elect_td_bld,1.2195,1.65,20,1.288,1.3456,1.394,1.4347,1.469,1.4978,1.522,1.5424,1.5595,1.5739,1.586,1.5962,1.6047,1.6119,1.618
central,HK_bld_tech_eff_2025_policy_calibrated.xml,resid_urban heating modern_d1,coal,coal furnace,delivered coal,0.4545,0.6,20,0.4776,0.4971,0.5135,0.5272,0.5388,0.5486,0.5567,0.5636,0.5694,0.5743,0.5784,0.5818,0.5847,0.5871,0.5892
central,HK_bld_tech_eff_2025_policy_calibrated.xml,resid_urban heating modern_d1,biomass,wood furnace,delivered biomass,0.4545,0.6,20,0.4776,0.4971,0.5135,0.5272,0.5388,0.5486,0.5567,0.5636,0.5694,0.5743,0.5784,0.5818,0.5847,0.5871,0.5892
central,HK_bld_tech_eff_2025_policy_calibrated.xml,resid_urban heating modern_d1,gas,gas furnace,delivered gas,0.8478,0.93,20,0.8609,0.8719,0.8811,0.8889,0.8954,0.9009,0.9056,0.9095,0.9127,0.9155,0.9178,0.9197,0.9214,0.9227,0.9239
central,HK_bld_tech_eff_2025_policy_calibrated.xml,resid_urban heating modern_d1,gas,gas furnace hi-eff,delivered gas,0.9333,0.97,20,0.9391,0.944,0.9482,0.9516,0.9546,0.957,0.9591,0.9608,0.9623,0.9635,0.9645,0.9654,0.9661,0.9668,0.9673
central,HK_bld_tech_eff_2025_policy_calibrated.xml,resid_urban heating modern_d1,electricity,electric furnace,elect_td_bld,1,1,fixed,1,1,1,1,1,1,1,1,1,1,1,1,1,1,1
central,HK_bld_tech_eff_2025_policy_calibrated.xml,resid_urban heating modern_d1,refined liquids,fuel furnace,refined liquids enduse,0.8478,0.93,20,0.8609,0.8719,0.8811,0.8889,0.8954,0.9009,0.9056,0.9095,0.9127,0.9155,0.9178,0.9197,0.9214,0.9227,0.9239
central,HK_bld_tech_eff_2025_policy_calibrated.xml,resid_urban heating modern_d1,refined liquids,fuel furnace hi-eff,refined liquids enduse,0.9333,0.97,20,0.9391,0.944,0.9482,0.9516,0.9546,0.957,0.9591,0.9608,0.9623,0.9635,0.9645,0.9654,0.9661,0.9668,0.9673
central,HK_bld_tech_eff_2025_policy_calibrated.xml,resid_urban heating modern_d1,heat,district heat,district heat,0.9,0.9,fixed,0.9,0.9,0.9,0.9,0.9,0.9,0.9,0.9,0.9,0.9,0.9,0.9,0.9,0.9,0.9
central,HK_bld_tech_eff_2025_policy_calibrated.xml,resid_urban cooling modern_d1,electricity,air conditioning,elect_td_bld,4.0569,5.8,15,4.4165,4.7019,4.9284,5.1083,5.251,5.3642,5.4541,5.5255,5.5821,5.6271,5.6627,5.6911,5.7135,5.7314,5.7455
central,HK_bld_tech_eff_2025_policy_calibrated.xml,resid_urban cooling modern_d1,electricity,air conditioning hi-eff,elect_td_bld,4.5833,6.7,15,5.02,5.3666,5.6417,5.86,6.0333,6.1708,6.28,6.3666,6.4354,6.49,6.5333,6.5677,6.595,6.6167,6.6339
central,HK_bld_tech_eff_2025_policy_calibrated.xml,resid_urban hot water_cooking modern_d1,gas,gas water heater,delivered gas,0.6118,0.8,20,0.6417,0.6669,0.6881,0.7059,0.7209,0.7335,0.744,0.753,0.7604,0.7667,0.772,0.7765,0.7802,0.7834,0.786
central,HK_bld_tech_eff_2025_policy_calibrated.xml,resid_urban hot water_cooking modern_d1,gas,gas water heater hi-eff,delivered gas,0.9111,0.97,20,0.9205,0.9284,0.935,0.9405,0.9452,0.9492,0.9525,0.9553,0.9576,0.9596,0.9612,0.9626,0.9638,0.9648,0.9656
central,HK_bld_tech_eff_2025_policy_calibrated.xml,resid_urban hot water_cooking modern_d1,electricity,electric resistance water heater,elect_td_bld,0.9091,0.99,10,0.9328,0.9496,0.9614,0.9698,0.9757,0.9799,0.9828,0.9849,0.9864,0.9875,0.9882,0.9887,0.9891,0.9894,0.9896
central,HK_bld_tech_eff_2025_policy_calibrated.xml,resid_urban hot water_cooking modern_d1,electricity,electric resistance water heater hi-eff,elect_td_bld,1,1,fixed,1,1,1,1,1,1,1,1,1,1,1,1,1,1,1
central,HK_bld_tech_eff_2025_policy_calibrated.xml,resid_urban hot water_cooking modern_d1,refined liquids,fuel water heater,refined liquids enduse,0.6118,0.8,20,0.6417,0.6669,0.6881,0.7059,0.7209,0.7335,0.744,0.753,0.7604,0.7667,0.772,0.7765,0.7802,0.7834,0.786
central,HK_bld_tech_eff_2025_policy_calibrated.xml,resid_urban hot water_cooking modern_d1,refined liquids,fuel water heater hi-eff,refined liquids enduse,0.9111,0.97,20,0.9205,0.9284,0.935,0.9405,0.9452,0.9492,0.9525,0.9553,0.9576,0.9596,0.9612,0.9626,0.9638,0.9648,0.9656
central,HK_bld_tech_eff_2025_policy_calibrated.xml,resid_urban hot water_cooking modern_d1,coal,coal water heater,delivered coal,1,1,fixed,1,1,1,1,1,1,1,1,1,1,1,1,1,1,1
central,HK_bld_tech_eff_2025_policy_calibrated.xml,resid_urban lighting modern_d1,electricity,elec light,elect_td_bld,0.5,0.65,12,0.5376,0.5658,0.5869,0.6028,0.6146,0.6235,0.6301,0.6351,0.6389,0.6416,0.6437,0.6453,0.6465,0.6474,0.648
central,HK_bld_tech_eff_2025_policy_calibrated.xml,resid_urban appliances modern_d1,electricity,electric appliances,elect_td_bld,1.2195,1.65,20,1.288,1.3456,1.394,1.4347,1.469,1.4978,1.522,1.5424,1.5595,1.5739,1.586,1.5962,1.6047,1.6119,1.618
ambitious,HK_bld_tech_eff_2025_ambitious.xml,comm heating,biomass,wood furnace,delivered biomass,0.7927,0.9,15,0.8148,0.8324,0.8463,0.8574,0.8662,0.8732,0.8787,0.8831,0.8866,0.8894,0.8916,0.8933,0.8947,0.8958,0.8966
ambitious,HK_bld_tech_eff_2025_ambitious.xml,comm heating,coal,coal furnace,delivered coal,0.7927,0.9,15,0.8148,0.8324,0.8463,0.8574,0.8662,0.8732,0.8787,0.8831,0.8866,0.8894,0.8916,0.8933,0.8947,0.8958,0.8966
ambitious,HK_bld_tech_eff_2025_ambitious.xml,comm heating,gas,gas furnace,delivered gas,0.8974,0.97,15,0.9124,0.9243,0.9337,0.9412,0.9471,0.9518,0.9556,0.9586,0.9609,0.9628,0.9643,0.9655,0.9664,0.9671,0.9677
ambitious,HK_bld_tech_eff_2025_ambitious.xml,comm heating,gas,gas furnace hi-eff,delivered gas,1.7045,1.9,15,1.7448,1.7768,1.8022,1.8224,1.8384,1.8511,1.8612,1.8692,1.8756,1.8806,1.8846,1.8878,1.8903,1.8923,1.8939
ambitious,HK_bld_tech_eff_2025_ambitious.xml,comm heating,electricity,electric furnace,elect_td_bld,1,1,fixed,1,1,1,1,1,1,1,1,1,1,1,1,1,1,1
ambitious,HK_bld_tech_eff_2025_ambitious.xml,comm heating,electricity,electric heat pump,elect_td_bld,2.3077,4.8,12,2.9329,3.4012,3.7521,4.015,4.2119,4.3594,4.4699,4.5527,4.6148,4.6612,4.696,4.7221,4.7417,4.7563,4.7673
ambitious,HK_bld_tech_eff_2025_ambitious.xml,comm heating,refined liquids,fuel furnace,refined liquids enduse,0.8974,0.97,15,0.9124,0.9243,0.9337,0.9412,0.9471,0.9518,0.9556,0.9586,0.9609,0.9628,0.9643,0.9655,0.9664,0.9671,0.9677
ambitious,HK_bld_tech_eff_2025_ambitious.xml,comm heating,heat,district heat,district heat,0.9,0.9,fixed,0.9,0.9,0.9,0.9,0.9,0.9,0.9,0.9,0.9,0.9,0.9,0.9,0.9,0.9,0.9
ambitious,HK_bld_tech_eff_2025_ambitious.xml,comm cooling,electricity,air conditioning,elect_td_bld,3.871,5.8,12,4.3549,4.7174,4.989,5.1924,5.3448,5.459,5.5445,5.6086,5.6566,5.6926,5.7195,5.7397,5.7548,5.7662,5.7747
ambitious,HK_bld_tech_eff_2025_ambitious.xml,comm cooling,electricity,air conditioning hi-eff,elect_td_bld,5.7143,8,12,6.2877,6.7172,7.039,7.28,7.4606,7.5959,7.6973,7.7732,7.8301,7.8727,7.9047,7.9286,7.9465,7.9599,7.97
ambitious,HK_bld_tech_eff_2025_ambitious.xml,comm hot water_cooking,gas,gas water heater,delivered gas,0.9459,0.98,15,0.9529,0.9585,0.9629,0.9665,0.9693,0.9715,0.9732,0.9746,0.9757,0.9766,0.9773,0.9779,0.9783,0.9787,0.9789
ambitious,HK_bld_tech_eff_2025_ambitious.xml,comm hot water_cooking,gas,gas water heater hi-eff,delivered gas,1.7045,1.9,15,1.7448,1.7768,1.8022,1.8224,1.8384,1.8511,1.8612,1.8692,1.8756,1.8806,1.8846,1.8878,1.8903,1.8923,1.8939
ambitious,HK_bld_tech_eff_2025_ambitious.xml,comm hot water_cooking,electricity,electric resistance water heater,elect_td_bld,1,1,fixed,1,1,1,1,1,1,1,1,1,1,1,1,1,1,1
ambitious,HK_bld_tech_eff_2025_ambitious.xml,comm hot water_cooking,refined liquids,fuel water heater,refined liquids enduse,1,1,fixed,1,1,1,1,1,1,1,1,1,1,1,1,1,1,1
ambitious,HK_bld_tech_eff_2025_ambitious.xml,comm hot water_cooking,coal,coal water heater,delivered coal,1,1,fixed,1,1,1,1,1,1,1,1,1,1,1,1,1,1,1
ambitious,HK_bld_tech_eff_2025_ambitious.xml,comm lighting,electricity,elec light,elect_td_bld,0.042,0.056,10,0.0461,0.049,0.0511,0.0525,0.0535,0.0542,0.0548,0.0551,0.0554,0.0556,0.0557,0.0558,0.0558,0.0559,0.0559
ambitious,HK_bld_tech_eff_2025_ambitious.xml,comm lighting,electricity,fluorescent,elect_td_bld,0.0661,0.09,10,0.0731,0.0781,0.0816,0.084,0.0858,0.087,0.0879,0.0885,0.0889,0.0893,0.0895,0.0896,0.0897,0.0898,0.0899
ambitious,HK_bld_tech_eff_2025_ambitious.xml,comm appliances,electricity,electric appliances,elect_td_bld,1.3514,2,15,1.4852,1.5914,1.6757,1.7426,1.7957,1.8378,1.8713,1.8979,1.9189,1.9357,1.9489,1.9595,1.9678,1.9745,1.9797
ambitious,HK_bld_tech_eff_2025_ambitious.xml,resid_urban heating modern_d1,coal,coal furnace,delivered coal,0.4878,0.7,15,0.5316,0.5663,0.5939,0.6158,0.6332,0.6469,0.6579,0.6666,0.6735,0.6789,0.6833,0.6867,0.6895,0.6916,0.6934
ambitious,HK_bld_tech_eff_2025_ambitious.xml,resid_urban heating modern_d1,biomass,wood furnace,delivered biomass,0.4878,0.7,15,0.5316,0.5663,0.5939,0.6158,0.6332,0.6469,0.6579,0.6666,0.6735,0.6789,0.6833,0.6867,0.6895,0.6916,0.6934
ambitious,HK_bld_tech_eff_2025_ambitious.xml,resid_urban heating modern_d1,gas,gas furnace,delivered gas,0.907,0.97,15,0.92,0.9303,0.9385,0.945,0.9502,0.9543,0.9575,0.9601,0.9621,0.9637,0.965,0.9661,0.9669,0.9675,0.968
ambitious,HK_bld_tech_eff_2025_ambitious.xml,resid_urban heating modern_d1,gas,gas furnace hi-eff,delivered gas,1,1,15,1,1,1,1,1,1,1,1,1,1,1,1,1,1,1
ambitious,HK_bld_tech_eff_2025_ambitious.xml,resid_urban heating modern_d1,electricity,electric furnace,elect_td_bld,1,1,fixed,1,1,1,1,1,1,1,1,1,1,1,1,1,1,1
ambitious,HK_bld_tech_eff_2025_ambitious.xml,resid_urban heating modern_d1,refined liquids,fuel furnace,refined liquids enduse,0.907,0.97,15,0.92,0.9303,0.9385,0.945,0.9502,0.9543,0.9575,0.9601,0.9621,0.9637,0.965,0.9661,0.9669,0.9675,0.968
ambitious,HK_bld_tech_eff_2025_ambitious.xml,resid_urban heating modern_d1,refined liquids,fuel furnace hi-eff,refined liquids enduse,1,1,15,1,1,1,1,1,1,1,1,1,1,1,1,1,1,1
ambitious,HK_bld_tech_eff_2025_ambitious.xml,resid_urban heating modern_d1,heat,district heat,district heat,0.9,0.9,fixed,0.9,0.9,0.9,0.9,0.9,0.9,0.9,0.9,0.9,0.9,0.9,0.9,0.9,0.9,0.9
ambitious,HK_bld_tech_eff_2025_ambitious.xml,resid_urban cooling modern_d1,electricity,air conditioning,elect_td_bld,4.7945,6.8,12,5.2976,5.6745,5.9568,6.1683,6.3268,6.4455,6.5344,6.601,6.6509,6.6883,6.7163,6.7373,6.753,6.7648,6.7736
ambitious,HK_bld_tech_eff_2025_ambitious.xml,resid_urban cooling modern_d1,electricity,air conditioning hi-eff,elect_td_bld,5.3226,8,12,5.9942,6.4974,6.8743,7.1567,7.3682,7.5267,7.6454,7.7344,7.801,7.8509,7.8883,7.9163,7.9373,7.953,7.9648
ambitious,HK_bld_tech_eff_2025_ambitious.xml,resid_urban hot water_cooking modern_d1,gas,gas water heater,delivered gas,0.6933,0.9,15,0.7359,0.7698,0.7967,0.818,0.8349,0.8483,0.859,0.8674,0.8742,0.8795,0.8837,0.8871,0.8897,0.8919,0.8935
ambitious,HK_bld_tech_eff_2025_ambitious.xml,resid_urban hot water_cooking modern_d1,gas,gas water heater hi-eff,delivered gas,1,1,15,1,1,1,1,1,1,1,1,1,1,1,1,1,1,1
ambitious,HK_bld_tech_eff_2025_ambitious.xml,resid_urban hot water_cooking modern_d1,electricity,electric resistance water heater,elect_td_bld,0.9524,1,8,0.9691,0.98,0.987,0.9916,0.9945,0.9965,0.9977,0.9985,0.999,0.9994,0.9996,0.9997,0.9998,0.9999,0.9999
ambitious,HK_bld_tech_eff_2025_ambitious.xml,resid_urban hot water_cooking modern_d1,electricity,electric resistance water heater hi-eff,elect_td_bld,1,1,fixed,1,1,1,1,1,1,1,1,1,1,1,1,1,1,1
ambitious,HK_bld_tech_eff_2025_ambitious.xml,resid_urban hot water_cooking modern_d1,refined liquids,fuel water heater,refined liquids enduse,0.6933,0.9,15,0.7359,0.7698,0.7967,0.818,0.8349,0.8483,0.859,0.8674,0.8742,0.8795,0.8837,0.8871,0.8897,0.8919,0.8935
ambitious,HK_bld_tech_eff_2025_ambitious.xml,resid_urban hot water_cooking modern_d1,refined liquids,fuel water heater hi-eff,refined liquids enduse,1,1,15,1,1,1,1,1,1,1,1,1,1,1,1,1,1,1
ambitious,HK_bld_tech_eff_2025_ambitious.xml,resid_urban hot water_cooking modern_d1,coal,coal water heater,delivered coal,1,1,fixed,1,1,1,1,1,1,1,1,1,1,1,1,1,1,1
ambitious,HK_bld_tech_eff_2025_ambitious.xml,resid_urban lighting modern_d1,electricity,elec light,elect_td_bld,0.625,0.85,10,0.6909,0.7375,0.7705,0.7937,0.8102,0.8219,0.8301,0.8359,0.8401,0.843,0.845,0.8465,0.8475,0.8482,0.8488
ambitious,HK_bld_tech_eff_2025_ambitious.xml,resid_urban appliances modern_d1,electricity,electric appliances,elect_td_bld,1.3514,2,15,1.4852,1.5914,1.6757,1.7426,1.7957,1.8378,1.8713,1.8979,1.9189,1.9357,1.9489,1.9595,1.9678,1.9745,1.9797
