scenario,sector,year,shell_conductance,default_shell_conductance,difference_vs_default_pct,reduction_vs_2021_pct,implied_envelope_efficiency_index_vs_2021,policy_source_urls
conservative,comm,2025,0.944815,0.944815,-0.0,0.546,1.00549,https://www.bd.gov.hk/doc/en/resources/codes-and-references/practice-notes-and-circular-letters/pnap/APP/APP067.pdf; https://www.bd.gov.hk/doc/en/resources/codes-and-references/practice-notes-and-circular-letters/pnap/APP/APP156.pdf; https://www.emsd.gov.hk/beeo/en/mibec_beeo_codtechguidelines.html
conservative,comm,2030,0.934467,0.935185,-0.077,1.635,1.01662,https://www.bd.gov.hk/doc/en/resources/codes-and-references/practice-notes-and-circular-letters/pnap/APP/APP067.pdf; https://www.bd.gov.hk/doc/en/resources/codes-and-references/practice-notes-and-circular-letters/pnap/APP/APP156.pdf; https://www.emsd.gov.hk/beeo/en/mibec_beeo_codtechguidelines.html
conservative,comm,2035,0.924233,0.93,-0.62,2.712,1.02788,https://www.bd.gov.hk/doc/en/resources/codes-and-references/practice-notes-and-circular-letters/pnap/APP/APP067.pdf; https://www.bd.gov.hk/doc/en/resources/codes-and-references/practice-notes-and-circular-letters/pnap/APP/APP156.pdf; https://www.emsd.gov.hk/beeo/en/mibec_beeo_codtechguidelines.html
conservative,comm,2040,0.912738,0.91963,-0.749,3.922,1.04082,https://www.bd.gov.hk/doc/en/resources/codes-and-references/practice-notes-and-circular-letters/pnap/APP/APP067.pdf; https://www.bd.gov.hk/doc/en/resources/codes-and-references/practice-notes-and-circular-letters/pnap/APP/APP156.pdf; https://www.emsd.gov.hk/beeo/en/mibec_beeo_codtechguidelines.html
conservative,comm,2045,0.901386,0.90037,0.113,5.117,1.05393,https://www.bd.gov.hk/doc/en/resources/codes-and-references/practice-notes-and-circular-letters/pnap/APP/APP067.pdf; https://www.bd.gov.hk/doc/en/resources/codes-and-references/practice-notes-and-circular-letters/pnap/APP/APP156.pdf; https://www.emsd.gov.hk/beeo/en/mibec_beeo_codtechguidelines.html
conservative,comm,2050,0.890175,0.89,0.02,6.297,1.06721,https://www.bd.gov.hk/doc/en/resources/codes-and-references/practice-notes-and-circular-letters/pnap/APP/APP067.pdf; https://www.bd.gov.hk/doc/en/resources/codes-and-references/practice-notes-and-circular-letters/pnap/APP/APP156.pdf; https://www.emsd.gov.hk/beeo/en/mibec_beeo_codtechguidelines.html
conservative,comm,2055,0.885733,0.89,-0.479,6.765,1.07256,https://www.bd.gov.hk/doc/en/resources/codes-and-references/practice-notes-and-circular-letters/pnap/APP/APP067.pdf; https://www.bd.gov.hk/doc/en/resources/codes-and-references/practice-notes-and-circular-letters/pnap/APP/APP156.pdf; https://www.emsd.gov.hk/beeo/en/mibec_beeo_codtechguidelines.html
conservative,comm,2060,0.881313,0.89,-0.976,7.23,1.07794,https://www.bd.gov.hk/doc/en/resources/codes-and-references/practice-notes-and-circular-letters/pnap/APP/APP067.pdf; https://www.bd.gov.hk/doc/en/resources/codes-and-references/practice-notes-and-circular-letters/pnap/APP/APP156.pdf; https://www.emsd.gov.hk/beeo/en/mibec_beeo_codtechguidelines.html
conservative,comm,2065,0.876915,0.89,-1.47,7.693,1.08334,https://www.bd.gov.hk/doc/en/resources/codes-and-references/practice-notes-and-circular-letters/pnap/APP/APP067.pdf; https://www.bd.gov.hk/doc/en/resources/codes-and-references/practice-notes-and-circular-letters/pnap/APP/APP156.pdf; https://www.emsd.gov.hk/beeo/en/mibec_beeo_codtechguidelines.html
conservative,comm,2070,0.875163,0.89,-1.667,7.878,1.08551,https://www.bd.gov.hk/doc/en/resources/codes-and-references/practice-notes-and-circular-letters/pnap/APP/APP067.pdf; https://www.bd.gov.hk/doc/en/resources/codes-and-references/practice-notes-and-circular-letters/pnap/APP/APP156.pdf; https://www.emsd.gov.hk/beeo/en/mibec_beeo_codtechguidelines.html
conservative,comm,2075,0.873414,0.89,-1.864,8.062,1.08769,https://www.bd.gov.hk/doc/en/resources/codes-and-references/practice-notes-and-circular-letters/pnap/APP/APP067.pdf; https://www.bd.gov.hk/doc/en/resources/codes-and-references/practice-notes-and-circular-letters/pnap/APP/APP156.pdf; https://www.emsd.gov.hk/beeo/en/mibec_beeo_codtechguidelines.html
conservative,comm,2080,0.871668,0.89,-2.06,8.245,1.08986,https://www.bd.gov.hk/doc/en/resources/codes-and-references/practice-notes-and-circular-letters/pnap/APP/APP067.pdf; https://www.bd.gov.hk/doc/en/resources/codes-and-references/practice-notes-and-circular-letters/pnap/APP/APP156.pdf; https://www.emsd.gov.hk/beeo/en/mibec_beeo_codtechguidelines.html
conservative,comm,2085,0.869926,0.89,-2.255,8.429,1.09205,https://www.bd.gov.hk/doc/en/resources/codes-and-references/practice-notes-and-circular-letters/pnap/APP/APP067.pdf; https://www.bd.gov.hk/doc/en/resources/codes-and-references/practice-notes-and-circular-letters/pnap/APP/APP156.pdf; https://www.emsd.gov.hk/beeo/en/mibec_beeo_codtechguidelines.html
conservative,comm,2090,0.868188,0.89,-2.451,8.612,1.09423,https://www.bd.gov.hk/doc/en/resources/codes-and-references/practice-notes-and-circular-letters/pnap/APP/APP067.pdf; https://www.bd.gov.hk/doc/en/resources/codes-and-references/practice-notes-and-circular-letters/pnap/APP/APP156.pdf; https://www.emsd.gov.hk/beeo/en/mibec_beeo_codtechguidelines.html
conservative,comm,2095,0.866453,0.89,-2.646,8.794,1.09642,https://www.bd.gov.hk/doc/en/resources/codes-and-references/practice-notes-and-circular-letters/pnap/APP/APP067.pdf; https://www.bd.gov.hk/doc/en/resources/codes-and-references/practice-notes-and-circular-letters/pnap/APP/APP156.pdf; https://www.emsd.gov.hk/beeo/en/mibec_beeo_codtechguidelines.html
conservative,comm,2100,0.864721,0.89,-2.84,8.977,1.09862,https://www.bd.gov.hk/doc/en/resources/codes-and-references/practice-notes-and-circular-letters/pnap/APP/APP067.pdf; https://www.bd.gov.hk/doc/en/resources/codes-and-references/practice-notes-and-circular-letters/pnap/APP/APP156.pdf; https://www.emsd.gov.hk/beeo/en/mibec_beeo_codtechguidelines.html
conservative,resid_urban,2025,0.944815,0.944815,-0.0,0.546,1.00549,https://www.bd.gov.hk/doc/en/resources/codes-and-references/practice-notes-and-circular-letters/pnap/APP/APP067.pdf; https://www.bd.gov.hk/doc/en/resources/codes-and-references/practice-notes-and-circular-letters/pnap/APP/APP156.pdf; https://www.emsd.gov.hk/beeo/en/mibec_beeo_codtechguidelines.html
conservative,resid_urban,2030,0.93728,0.935185,0.224,1.339,1.01357,https://www.bd.gov.hk/doc/en/resources/codes-and-references/practice-notes-and-circular-letters/pnap/APP/APP067.pdf; https://www.bd.gov.hk/doc/en/resources/codes-and-references/practice-notes-and-circular-letters/pnap/APP/APP156.pdf; https://www.emsd.gov.hk/beeo/en/mibec_beeo_codtechguidelines.html
conservative,resid_urban,2035,0.929806,0.93,-0.021,2.126,1.02172,https://www.bd.gov.hk/doc/en/resources/codes-and-references/practice-notes-and-circular-letters/pnap/APP/APP067.pdf; https://www.bd.gov.hk/doc/en/resources/codes-and-references/practice-notes-and-circular-letters/pnap/APP/APP156.pdf; https://www.emsd.gov.hk/beeo/en/mibec_beeo_codtechguidelines.html
conservative,resid_urban,2040,0.918242,0.91963,-0.151,3.343,1.03459,https://www.bd.gov.hk/doc/en/resources/codes-and-references/practice-notes-and-circular-letters/pnap/APP/APP067.pdf; https://www.bd.gov.hk/doc/en/resources/codes-and-references/practice-notes-and-circular-letters/pnap/APP/APP156.pdf; https://www.emsd.gov.hk/beeo/en/mibec_beeo_codtechguidelines.html
conservative,resid_urban,2045,0.906821,0.90037,0.716,4.545,1.04762,https://www.bd.gov.hk/doc/en/resources/codes-and-references/practice-notes-and-circular-letters/pnap/APP/APP067.pdf; https://www.bd.gov.hk/doc/en/resources/codes-and-references/practice-notes-and-circular-letters/pnap/APP/APP156.pdf; https://www.emsd.gov.hk/beeo/en/mibec_beeo_codtechguidelines.html
conservative,resid_urban,2050,0.895542,0.89,0.623,5.732,1.06081,https://www.bd.gov.hk/doc/en/resources/codes-and-references/practice-notes-and-circular-letters/pnap/APP/APP067.pdf; https://www.bd.gov.hk/doc/en/resources/codes-and-references/practice-notes-and-circular-letters/pnap/APP/APP156.pdf; https://www.emsd.gov.hk/beeo/en/mibec_beeo_codtechguidelines.html
conservative,resid_urban,2055,0.891966,0.89,0.221,6.109,1.06506,https://www.bd.gov.hk/doc/en/resources/codes-and-references/practice-notes-and-circular-letters/pnap/APP/APP067.pdf; https://www.bd.gov.hk/doc/en/resources/codes-and-references/practice-notes-and-circular-letters/pnap/APP/APP156.pdf; https://www.emsd.gov.hk/beeo/en/mibec_beeo_codtechguidelines.html
conservative,resid_urban,2060,0.888403,0.89,-0.179,6.484,1.06933,https://www.bd.gov.hk/doc/en/resources/codes-and-references/practice-notes-and-circular-letters/pnap/APP/APP067.pdf; https://www.bd.gov.hk/doc/en/resources/codes-and-references/practice-notes-and-circular-letters/pnap/APP/APP156.pdf; https://www.emsd.gov.hk/beeo/en/mibec_beeo_codtechguidelines.html
conservative,resid_urban,2065,0.884856,0.89,-0.578,6.857,1.07362,https://www.bd.gov.hk/doc/en/resources/codes-and-references/practice-notes-and-circular-letters/pnap/APP/APP067.pdf; https://www.bd.gov.hk/doc/en/resources/codes-and-references/practice-notes-and-circular-letters/pnap/APP/APP156.pdf; https://www.emsd.gov.hk/beeo/en/mibec_beeo_codtechguidelines.html
conservative,resid_urban,2070,0.883529,0.89,-0.727,6.997,1.07523,https://www.bd.gov.hk/doc/en/resources/codes-and-references/practice-notes-and-circular-letters/pnap/APP/APP067.pdf; https://www.bd.gov.hk/doc/en/resources/codes-and-references/practice-notes-and-circular-letters/pnap/APP/APP156.pdf; https://www.emsd.gov.hk/beeo/en/mibec_beeo_codtechguidelines.html
conservative,resid_urban,2075,0.882205,0.89,-0.876,7.136,1.07685,https://www.bd.gov.hk/doc/en/resources/codes-and-references/practice-notes-and-circular-letters/pnap/APP/APP067.pdf; https://www.bd.gov.hk/doc/en/resources/codes-and-references/practice-notes-and-circular-letters/pnap/APP/APP156.pdf; https://www.emsd.gov.hk/beeo/en/mibec_beeo_codtechguidelines.html
conservative,resid_urban,2080,0.880882,0.89,-1.024,7.276,1.07846,https://www.bd.gov.hk/doc/en/resources/codes-and-references/practice-notes-and-circular-letters/pnap/APP/APP067.pdf; https://www.bd.gov.hk/doc/en/resources/codes-and-references/practice-notes-and-circular-letters/pnap/APP/APP156.pdf; https://www.emsd.gov.hk/beeo/en/mibec_beeo_codtechguidelines.html
conservative,resid_urban,2085,0.879561,0.89,-1.173,7.415,1.08008,https://www.bd.gov.hk/doc/en/resources/codes-and-references/practice-notes-and-circular-letters/pnap/APP/APP067.pdf; https://www.bd.gov.hk/doc/en/resources/codes-and-references/practice-notes-and-circular-letters/pnap/APP/APP156.pdf; https://www.emsd.gov.hk/beeo/en/mibec_beeo_codtechguidelines.html
conservative,resid_urban,2090,0.878243,0.89,-1.321,7.553,1.08171,https://www.bd.gov.hk/doc/en/resources/codes-and-references/practice-notes-and-circular-letters/pnap/APP/APP067.pdf; https://www.bd.gov.hk/doc/en/resources/codes-and-references/practice-notes-and-circular-letters/pnap/APP/APP156.pdf; https://www.emsd.gov.hk/beeo/en/mibec_beeo_codtechguidelines.html
conservative,resid_urban,2095,0.876926,0.89,-1.469,7.692,1.08333,https://www.bd.gov.hk/doc/en/resources/codes-and-references/practice-notes-and-circular-letters/pnap/APP/APP067.pdf; https://www.bd.gov.hk/doc/en/resources/codes-and-references/practice-notes-and-circular-letters/pnap/APP/APP156.pdf; https://www.emsd.gov.hk/beeo/en/mibec_beeo_codtechguidelines.html
conservative,resid_urban,2100,0.875612,0.89,-1.617,7.83,1.08496,https://www.bd.gov.hk/doc/en/resources/codes-and-references/practice-notes-and-circular-letters/pnap/APP/APP067.pdf; https://www.bd.gov.hk/doc/en/resources/codes-and-references/practice-notes-and-circular-letters/pnap/APP/APP156.pdf; https://www.emsd.gov.hk/beeo/en/mibec_beeo_codtechguidelines.html
moderate,comm,2025,0.9422,0.944815,-0.277,0.821,1.00828,https://www.bd.gov.hk/doc/en/resources/codes-and-references/practice-notes-and-circular-letters/pnap/APP/APP067.pdf; https://www.bd.gov.hk/doc/en/resources/codes-and-references/practice-notes-and-circular-letters/pnap/APP/APP156.pdf; https://www.emsd.gov.hk/beeo/en/mibec_beeo_codtechguidelines.html
moderate,comm,2030,0.923506,0.935185,-1.249,2.789,1.02869,https://www.bd.gov.hk/doc/en/resources/codes-and-references/practice-notes-and-circular-letters/pnap/APP/APP067.pdf; https://www.bd.gov.hk/doc/en/resources/codes-and-references/practice-notes-and-circular-letters/pnap/APP/APP156.pdf; https://www.emsd.gov.hk/beeo/en/mibec_beeo_codtechguidelines.html
moderate,comm,2035,0.905183,0.93,-2.668,4.718,1.04951,https://www.bd.gov.hk/doc/en/resources/codes-and-references/practice-notes-and-circular-letters/pnap/APP/APP067.pdf; https://www.bd.gov.hk/doc/en/resources/codes-and-references/practice-notes-and-circular-letters/pnap/APP/APP156.pdf; https://www.emsd.gov.hk/beeo/en/mibec_beeo_codtechguidelines.html
moderate,comm,2040,0.889453,0.91963,-3.281,6.373,1.06807,https://www.bd.gov.hk/doc/en/resources/codes-and-references/practice-notes-and-circular-letters/pnap/APP/APP067.pdf; https://www.bd.gov.hk/doc/en/resources/codes-and-references/practice-notes-and-circular-letters/pnap/APP/APP156.pdf; https://www.emsd.gov.hk/beeo/en/mibec_beeo_codtechguidelines.html
moderate,comm,2045,0.873996,0.90037,-2.929,8.0,1.08696,https://www.bd.gov.hk/doc/en/resources/codes-and-references/practice-notes-and-circular-letters/pnap/APP/APP067.pdf; https://www.bd.gov.hk/doc/en/resources/codes-and-references/practice-notes-and-circular-letters/pnap/APP/APP156.pdf; https://www.emsd.gov.hk/beeo/en/mibec_beeo_codtechguidelines.html
moderate,comm,2050,0.858808,0.89,-3.505,9.599,1.10618,https://www.bd.gov.hk/doc/en/resources/codes-and-references/practice-notes-and-circular-letters/pnap/APP/APP067.pdf; https://www.bd.gov.hk/doc/en/resources/codes-and-references/practice-notes-and-circular-letters/pnap/APP/APP156.pdf; https://www.emsd.gov.hk/beeo/en/mibec_beeo_codtechguidelines.html
moderate,comm,2055,0.851106,0.89,-4.37,10.41,1.11619,https://www.bd.gov.hk/doc/en/resources/codes-and-references/practice-notes-and-circular-letters/pnap/APP/APP067.pdf; https://www.bd.gov.hk/doc/en/resources/codes-and-references/practice-notes-and-circular-letters/pnap/APP/APP156.pdf; https://www.emsd.gov.hk/beeo/en/mibec_beeo_codtechguidelines.html
moderate,comm,2060,0.843474,0.89,-5.228,11.213,1.12629,https://www.bd.gov.hk/doc/en/resources/codes-and-references/practice-notes-and-circular-letters/pnap/APP/APP067.pdf; https://www.bd.gov.hk/doc/en/resources/codes-and-references/practice-notes-and-circular-letters/pnap/APP/APP156.pdf; https://www.emsd.gov.hk/beeo/en/mibec_beeo_codtechguidelines.html
moderate,comm,2065,0.83591,0.89,-6.078,12.009,1.13649,https://www.bd.gov.hk/doc/en/resources/codes-and-references/practice-notes-and-circular-letters/pnap/APP/APP067.pdf; https://www.bd.gov.hk/doc/en/resources/codes-and-references/practice-notes-and-circular-letters/pnap/APP/APP156.pdf; https://www.emsd.gov.hk/beeo/en/mibec_beeo_codtechguidelines.html
moderate,comm,2070,0.832988,0.89,-6.406,12.317,1.14047,https://www.bd.gov.hk/doc/en/resources/codes-and-references/practice-notes-and-circular-letters/pnap/APP/APP067.pdf; https://www.bd.gov.hk/doc/en/resources/codes-and-references/practice-notes-and-circular-letters/pnap/APP/APP156.pdf; https://www.emsd.gov.hk/beeo/en/mibec_beeo_codtechguidelines.html
moderate,comm,2075,0.830077,0.89,-6.733,12.623,1.14447,https://www.bd.gov.hk/doc/en/resources/codes-and-references/practice-notes-and-circular-letters/pnap/APP/APP067.pdf; https://www.bd.gov.hk/doc/en/resources/codes-and-references/practice-notes-and-circular-letters/pnap/APP/APP156.pdf; https://www.emsd.gov.hk/beeo/en/mibec_beeo_codtechguidelines.html
moderate,comm,2080,0.827176,0.89,-7.059,12.929,1.14849,https://www.bd.gov.hk/doc/en/resources/codes-and-references/practice-notes-and-circular-letters/pnap/APP/APP067.pdf; https://www.bd.gov.hk/doc/en/resources/codes-and-references/practice-notes-and-circular-letters/pnap/APP/APP156.pdf; https://www.emsd.gov.hk/beeo/en/mibec_beeo_codtechguidelines.html
moderate,comm,2085,0.824285,0.89,-7.384,13.233,1.15251,https://www.bd.gov.hk/doc/en/resources/codes-and-references/practice-notes-and-circular-letters/pnap/APP/APP067.pdf; https://www.bd.gov.hk/doc/en/resources/codes-and-references/practice-notes-and-circular-letters/pnap/APP/APP156.pdf; https://www.emsd.gov.hk/beeo/en/mibec_beeo_codtechguidelines.html
moderate,comm,2090,0.821404,0.89,-7.707,13.536,1.15656,https://www.bd.gov.hk/doc/en/resources/codes-and-references/practice-notes-and-circular-letters/pnap/APP/APP067.pdf; https://www.bd.gov.hk/doc/en/resources/codes-and-references/practice-notes-and-circular-letters/pnap/APP/APP156.pdf; https://www.emsd.gov.hk/beeo/en/mibec_beeo_codtechguidelines.html
moderate,comm,2095,0.818533,0.89,-8.03,13.839,1.16061,https://www.bd.gov.hk/doc/en/resources/codes-and-references/practice-notes-and-circular-letters/pnap/APP/APP067.pdf; https://www.bd.gov.hk/doc/en/resources/codes-and-references/practice-notes-and-circular-letters/pnap/APP/APP156.pdf; https://www.emsd.gov.hk/beeo/en/mibec_beeo_codtechguidelines.html
moderate,comm,2100,0.815672,0.89,-8.351,14.14,1.16468,https://www.bd.gov.hk/doc/en/resources/codes-and-references/practice-notes-and-circular-letters/pnap/APP/APP067.pdf; https://www.bd.gov.hk/doc/en/resources/codes-and-references/practice-notes-and-circular-letters/pnap/APP/APP156.pdf; https://www.emsd.gov.hk/beeo/en/mibec_beeo_codtechguidelines.html
moderate,resid_urban,2025,0.943,0.944815,-0.192,0.737,1.00742,https://www.bd.gov.hk/doc/en/resources/codes-and-references/practice-notes-and-circular-letters/pnap/APP/APP067.pdf; https://www.bd.gov.hk/doc/en/resources/codes-and-references/practice-notes-and-circular-letters/pnap/APP/APP156.pdf; https://www.emsd.gov.hk/beeo/en/mibec_beeo_codtechguidelines.html
moderate,resid_urban,2030,0.929872,0.935185,-0.568,2.119,1.02165,https://www.bd.gov.hk/doc/en/resources/codes-and-references/practice-notes-and-circular-letters/pnap/APP/APP067.pdf; https://www.bd.gov.hk/doc/en/resources/codes-and-references/practice-notes-and-circular-letters/pnap/APP/APP156.pdf; https://www.emsd.gov.hk/beeo/en/mibec_beeo_codtechguidelines.html
moderate,resid_urban,2035,0.916926,0.93,-1.406,3.481,1.03607,https://www.bd.gov.hk/doc/en/resources/codes-and-references/practice-notes-and-circular-letters/pnap/APP/APP067.pdf; https://www.bd.gov.hk/doc/en/resources/codes-and-references/practice-notes-and-circular-letters/pnap/APP/APP156.pdf; https://www.emsd.gov.hk/beeo/en/mibec_beeo_codtechguidelines.html
moderate,resid_urban,2040,0.904614,0.91963,-1.633,4.777,1.05017,https://www.bd.gov.hk/doc/en/resources/codes-and-references/practice-notes-and-circular-letters/pnap/APP/APP067.pdf; https://www.bd.gov.hk/doc/en/resources/codes-and-references/practice-notes-and-circular-letters/pnap/APP/APP156.pdf; https://www.emsd.gov.hk/beeo/en/mibec_beeo_codtechguidelines.html
moderate,resid_urban,2045,0.892468,0.90037,-0.878,6.056,1.06446,https://www.bd.gov.hk/doc/en/resources/codes-and-references/practice-notes-and-circular-letters/pnap/APP/APP067.pdf; https://www.bd.gov.hk/doc/en/resources/codes-and-references/practice-notes-and-circular-letters/pnap/APP/APP156.pdf; https://www.emsd.gov.hk/beeo/en/mibec_beeo_codtechguidelines.html
moderate,resid_urban,2050,0.880484,0.89,-1.069,7.317,1.07895,https://www.bd.gov.hk/doc/en/resources/codes-and-references/practice-notes-and-circular-letters/pnap/APP/APP067.pdf; https://www.bd.gov.hk/doc/en/resources/codes-and-references/practice-notes-and-circular-letters/pnap/APP/APP156.pdf; https://www.emsd.gov.hk/beeo/en/mibec_beeo_codtechguidelines.html
moderate,resid_urban,2055,0.874776,0.89,-1.711,7.918,1.08599,https://www.bd.gov.hk/doc/en/resources/codes-and-references/practice-notes-and-circular-letters/pnap/APP/APP067.pdf; https://www.bd.gov.hk/doc/en/resources/codes-and-references/practice-notes-and-circular-letters/pnap/APP/APP156.pdf; https://www.emsd.gov.hk/beeo/en/mibec_beeo_codtechguidelines.html
moderate,resid_urban,2060,0.869105,0.89,-2.348,8.515,1.09308,https://www.bd.gov.hk/doc/en/resources/codes-and-references/practice-notes-and-circular-letters/pnap/APP/APP067.pdf; https://www.bd.gov.hk/doc/en/resources/codes-and-references/practice-notes-and-circular-letters/pnap/APP/APP156.pdf; https://www.emsd.gov.hk/beeo/en/mibec_beeo_codtechguidelines.html
moderate,resid_urban,2065,0.86347,0.89,-2.981,9.108,1.10021,https://www.bd.gov.hk/doc/en/resources/codes-and-references/practice-notes-and-circular-letters/pnap/APP/APP067.pdf; https://www.bd.gov.hk/doc/en/resources/codes-and-references/practice-notes-and-circular-letters/pnap/APP/APP156.pdf; https://www.emsd.gov.hk/beeo/en/mibec_beeo_codtechguidelines.html
moderate,resid_urban,2070,0.861314,0.89,-3.223,9.335,1.10297,https://www.bd.gov.hk/doc/en/resources/codes-and-references/practice-notes-and-circular-letters/pnap/APP/APP067.pdf; https://www.bd.gov.hk/doc/en/resources/codes-and-references/practice-notes-and-circular-letters/pnap/APP/APP156.pdf; https://www.emsd.gov.hk/beeo/en/mibec_beeo_codtechguidelines.html
moderate,resid_urban,2075,0.859163,0.89,-3.465,9.562,1.10573,https://www.bd.gov.hk/doc/en/resources/codes-and-references/practice-notes-and-circular-letters/pnap/APP/APP067.pdf; https://www.bd.gov.hk/doc/en/resources/codes-and-references/practice-notes-and-circular-letters/pnap/APP/APP156.pdf; https://www.emsd.gov.hk/beeo/en/mibec_beeo_codtechguidelines.html
moderate,resid_urban,2080,0.857017,0.89,-3.706,9.788,1.1085,https://www.bd.gov.hk/doc/en/resources/codes-and-references/practice-notes-and-circular-letters/pnap/APP/APP067.pdf; https://www.bd.gov.hk/doc/en/resources/codes-and-references/practice-notes-and-circular-letters/pnap/APP/APP156.pdf; https://www.emsd.gov.hk/beeo/en/mibec_beeo_codtechguidelines.html
moderate,resid_urban,2085,0.854877,0.89,-3.946,10.013,1.11127,https://www.bd.gov.hk/doc/en/resources/codes-and-references/practice-notes-and-circular-letters/pnap/APP/APP067.pdf; https://www.bd.gov.hk/doc/en/resources/codes-and-references/practice-notes-and-circular-letters/pnap/APP/APP156.pdf; https://www.emsd.gov.hk/beeo/en/mibec_beeo_codtechguidelines.html
moderate,resid_urban,2090,0.852741,0.89,-4.186,10.238,1.11405,https://www.bd.gov.hk/doc/en/resources/codes-and-references/practice-notes-and-circular-letters/pnap/APP/APP067.pdf; https://www.bd.gov.hk/doc/en/resources/codes-and-references/practice-notes-and-circular-letters/pnap/APP/APP156.pdf; https://www.emsd.gov.hk/beeo/en/mibec_beeo_codtechguidelines.html
moderate,resid_urban,2095,0.850612,0.89,-4.426,10.462,1.11684,https://www.bd.gov.hk/doc/en/resources/codes-and-references/practice-notes-and-circular-letters/pnap/APP/APP067.pdf; https://www.bd.gov.hk/doc/en/resources/codes-and-references/practice-notes-and-circular-letters/pnap/APP/APP156.pdf; https://www.emsd.gov.hk/beeo/en/mibec_beeo_codtechguidelines.html
moderate,resid_urban,2100,0.848487,0.89,-4.664,10.686,1.11964,https://www.bd.gov.hk/doc/en/resources/codes-and-references/practice-notes-and-circular-letters/pnap/APP/APP067.pdf; https://www.bd.gov.hk/doc/en/resources/codes-and-references/practice-notes-and-circular-letters/pnap/APP/APP156.pdf; https://www.emsd.gov.hk/beeo/en/mibec_beeo_codtechguidelines.html
ambitious,comm,2025,0.9395,0.944815,-0.563,1.105,1.01118,https://www.bd.gov.hk/doc/en/resources/codes-and-references/practice-notes-and-circular-letters/pnap/APP/APP067.pdf; https://www.bd.gov.hk/doc/en/resources/codes-and-references/practice-notes-and-circular-letters/pnap/APP/APP156.pdf; https://www.emsd.gov.hk/beeo/en/mibec_beeo_codtechguidelines.html
ambitious,comm,2030,0.911651,0.935185,-2.517,4.037,1.04207,https://www.bd.gov.hk/doc/en/resources/codes-and-references/practice-notes-and-circular-letters/pnap/APP/APP067.pdf; https://www.bd.gov.hk/doc/en/resources/codes-and-references/practice-notes-and-circular-letters/pnap/APP/APP156.pdf; https://www.emsd.gov.hk/beeo/en/mibec_beeo_codtechguidelines.html
ambitious,comm,2035,0.884628,0.93,-4.879,6.881,1.0739,https://www.bd.gov.hk/doc/en/resources/codes-and-references/practice-notes-and-circular-letters/pnap/APP/APP067.pdf; https://www.bd.gov.hk/doc/en/resources/codes-and-references/practice-notes-and-circular-letters/pnap/APP/APP156.pdf; https://www.emsd.gov.hk/beeo/en/mibec_beeo_codtechguidelines.html
ambitious,comm,2040,0.8636,0.91963,-6.093,9.095,1.10005,https://www.bd.gov.hk/doc/en/resources/codes-and-references/practice-notes-and-circular-letters/pnap/APP/APP067.pdf; https://www.bd.gov.hk/doc/en/resources/codes-and-references/practice-notes-and-circular-letters/pnap/APP/APP156.pdf; https://www.emsd.gov.hk/beeo/en/mibec_beeo_codtechguidelines.html
ambitious,comm,2045,0.843071,0.90037,-6.364,11.256,1.12683,https://www.bd.gov.hk/doc/en/resources/codes-and-references/practice-notes-and-circular-letters/pnap/APP/APP067.pdf; https://www.bd.gov.hk/doc/en/resources/codes-and-references/practice-notes-and-circular-letters/pnap/APP/APP156.pdf; https://www.emsd.gov.hk/beeo/en/mibec_beeo_codtechguidelines.html
ambitious,comm,2050,0.823031,0.89,-7.525,13.365,1.15427,https://www.bd.gov.hk/doc/en/resources/codes-and-references/practice-notes-and-circular-letters/pnap/APP/APP067.pdf; https://www.bd.gov.hk/doc/en/resources/codes-and-references/practice-notes-and-circular-letters/pnap/APP/APP156.pdf; https://www.emsd.gov.hk/beeo/en/mibec_beeo_codtechguidelines.html
ambitious,comm,2055,0.812794,0.89,-8.675,14.443,1.16881,https://www.bd.gov.hk/doc/en/resources/codes-and-references/practice-notes-and-circular-letters/pnap/APP/APP067.pdf; https://www.bd.gov.hk/doc/en/resources/codes-and-references/practice-notes-and-circular-letters/pnap/APP/APP156.pdf; https://www.emsd.gov.hk/beeo/en/mibec_beeo_codtechguidelines.html
ambitious,comm,2060,0.802685,0.89,-9.811,15.507,1.18353,https://www.bd.gov.hk/doc/en/resources/codes-and-references/practice-notes-and-circular-letters/pnap/APP/APP067.pdf; https://www.bd.gov.hk/doc/en/resources/codes-and-references/practice-notes-and-circular-letters/pnap/APP/APP156.pdf; https://www.emsd.gov.hk/beeo/en/mibec_beeo_codtechguidelines.html
ambitious,comm,2065,0.792702,0.89,-10.932,16.558,1.19843,https://www.bd.gov.hk/doc/en/resources/codes-and-references/practice-notes-and-circular-letters/pnap/APP/APP067.pdf; https://www.bd.gov.hk/doc/en/resources/codes-and-references/practice-notes-and-circular-letters/pnap/APP/APP156.pdf; https://www.emsd.gov.hk/beeo/en/mibec_beeo_codtechguidelines.html
ambitious,comm,2070,0.788746,0.89,-11.377,16.974,1.20444,https://www.bd.gov.hk/doc/en/resources/codes-and-references/practice-notes-and-circular-letters/pnap/APP/APP067.pdf; https://www.bd.gov.hk/doc/en/resources/codes-and-references/practice-notes-and-circular-letters/pnap/APP/APP156.pdf; https://www.emsd.gov.hk/beeo/en/mibec_beeo_codtechguidelines.html
ambitious,comm,2075,0.78481,0.89,-11.819,17.388,1.21048,https://www.bd.gov.hk/doc/en/resources/codes-and-references/practice-notes-and-circular-letters/pnap/APP/APP067.pdf; https://www.bd.gov.hk/doc/en/resources/codes-and-references/practice-notes-and-circular-letters/pnap/APP/APP156.pdf; https://www.emsd.gov.hk/beeo/en/mibec_beeo_codtechguidelines.html
ambitious,comm,2080,0.780894,0.89,-12.259,17.801,1.21655,https://www.bd.gov.hk/doc/en/resources/codes-and-references/practice-notes-and-circular-letters/pnap/APP/APP067.pdf; https://www.bd.gov.hk/doc/en/resources/codes-and-references/practice-notes-and-circular-letters/pnap/APP/APP156.pdf; https://www.emsd.gov.hk/beeo/en/mibec_beeo_codtechguidelines.html
ambitious,comm,2085,0.776997,0.89,-12.697,18.211,1.22266,https://www.bd.gov.hk/doc/en/resources/codes-and-references/practice-notes-and-circular-letters/pnap/APP/APP067.pdf; https://www.bd.gov.hk/doc/en/resources/codes-and-references/practice-notes-and-circular-letters/pnap/APP/APP156.pdf; https://www.emsd.gov.hk/beeo/en/mibec_beeo_codtechguidelines.html
ambitious,comm,2090,0.77312,0.89,-13.133,18.619,1.22879,https://www.bd.gov.hk/doc/en/resources/codes-and-references/practice-notes-and-circular-letters/pnap/APP/APP067.pdf; https://www.bd.gov.hk/doc/en/resources/codes-and-references/practice-notes-and-circular-letters/pnap/APP/APP156.pdf; https://www.emsd.gov.hk/beeo/en/mibec_beeo_codtechguidelines.html
ambitious,comm,2095,0.769262,0.89,-13.566,19.025,1.23495,https://www.bd.gov.hk/doc/en/resources/codes-and-references/practice-notes-and-circular-letters/pnap/APP/APP067.pdf; https://www.bd.gov.hk/doc/en/resources/codes-and-references/practice-notes-and-circular-letters/pnap/APP/APP156.pdf; https://www.emsd.gov.hk/beeo/en/mibec_beeo_codtechguidelines.html
ambitious,comm,2100,0.765424,0.89,-13.997,19.429,1.24114,https://www.bd.gov.hk/doc/en/resources/codes-and-references/practice-notes-and-circular-letters/pnap/APP/APP067.pdf; https://www.bd.gov.hk/doc/en/resources/codes-and-references/practice-notes-and-circular-letters/pnap/APP/APP156.pdf; https://www.emsd.gov.hk/beeo/en/mibec_beeo_codtechguidelines.html
ambitious,resid_urban,2025,0.941,0.944815,-0.404,0.947,1.00956,https://www.bd.gov.hk/doc/en/resources/codes-and-references/practice-notes-and-circular-letters/pnap/APP/APP067.pdf; https://www.bd.gov.hk/doc/en/resources/codes-and-references/practice-notes-and-circular-letters/pnap/APP/APP156.pdf; https://www.emsd.gov.hk/beeo/en/mibec_beeo_codtechguidelines.html
ambitious,resid_urban,2030,0.921404,0.935185,-1.474,3.01,1.03103,https://www.bd.gov.hk/doc/en/resources/codes-and-references/practice-notes-and-circular-letters/pnap/APP/APP067.pdf; https://www.bd.gov.hk/doc/en/resources/codes-and-references/practice-notes-and-circular-letters/pnap/APP/APP156.pdf; https://www.emsd.gov.hk/beeo/en/mibec_beeo_codtechguidelines.html
ambitious,resid_urban,2035,0.902217,0.93,-2.987,5.03,1.05296,https://www.bd.gov.hk/doc/en/resources/codes-and-references/practice-notes-and-circular-letters/pnap/APP/APP067.pdf; https://www.bd.gov.hk/doc/en/resources/codes-and-references/practice-notes-and-circular-letters/pnap/APP/APP156.pdf; https://www.emsd.gov.hk/beeo/en/mibec_beeo_codtechguidelines.html
ambitious,resid_urban,2040,0.886093,0.91963,-3.647,6.727,1.07212,https://www.bd.gov.hk/doc/en/resources/codes-and-references/practice-notes-and-circular-letters/pnap/APP/APP067.pdf; https://www.bd.gov.hk/doc/en/resources/codes-and-references/practice-notes-and-circular-letters/pnap/APP/APP156.pdf; https://www.emsd.gov.hk/beeo/en/mibec_beeo_codtechguidelines.html
ambitious,resid_urban,2045,0.870258,0.90037,-3.344,8.394,1.09163,https://www.bd.gov.hk/doc/en/resources/codes-and-references/practice-notes-and-circular-letters/pnap/APP/APP067.pdf; https://www.bd.gov.hk/doc/en/resources/codes-and-references/practice-notes-and-circular-letters/pnap/APP/APP156.pdf; https://www.emsd.gov.hk/beeo/en/mibec_beeo_codtechguidelines.html
ambitious,resid_urban,2050,0.854706,0.89,-3.966,10.031,1.11149,https://www.bd.gov.hk/doc/en/resources/codes-and-references/practice-notes-and-circular-letters/pnap/APP/APP067.pdf; https://www.bd.gov.hk/doc/en/resources/codes-and-references/practice-notes-and-circular-letters/pnap/APP/APP156.pdf; https://www.emsd.gov.hk/beeo/en/mibec_beeo_codtechguidelines.html
ambitious,resid_urban,2055,0.847041,0.89,-4.827,10.838,1.12155,https://www.bd.gov.hk/doc/en/resources/codes-and-references/practice-notes-and-circular-letters/pnap/APP/APP067.pdf; https://www.bd.gov.hk/doc/en/resources/codes-and-references/practice-notes-and-circular-letters/pnap/APP/APP156.pdf; https://www.emsd.gov.hk/beeo/en/mibec_beeo_codtechguidelines.html
ambitious,resid_urban,2060,0.839445,0.89,-5.68,11.637,1.1317,https://www.bd.gov.hk/doc/en/resources/codes-and-references/practice-notes-and-circular-letters/pnap/APP/APP067.pdf; https://www.bd.gov.hk/doc/en/resources/codes-and-references/practice-notes-and-circular-letters/pnap/APP/APP156.pdf; https://www.emsd.gov.hk/beeo/en/mibec_beeo_codtechguidelines.html
ambitious,resid_urban,2065,0.831917,0.89,-6.526,12.43,1.14194,https://www.bd.gov.hk/doc/en/resources/codes-and-references/practice-notes-and-circular-letters/pnap/APP/APP067.pdf; https://www.bd.gov.hk/doc/en/resources/codes-and-references/practice-notes-and-circular-letters/pnap/APP/APP156.pdf; https://www.emsd.gov.hk/beeo/en/mibec_beeo_codtechguidelines.html
ambitious,resid_urban,2070,0.82901,0.89,-6.853,12.736,1.14595,https://www.bd.gov.hk/doc/en/resources/codes-and-references/practice-notes-and-circular-letters/pnap/APP/APP067.pdf; https://www.bd.gov.hk/doc/en/resources/codes-and-references/practice-notes-and-circular-letters/pnap/APP/APP156.pdf; https://www.emsd.gov.hk/beeo/en/mibec_beeo_codtechguidelines.html
ambitious,resid_urban,2075,0.826112,0.89,-7.178,13.041,1.14996,https://www.bd.gov.hk/doc/en/resources/codes-and-references/practice-notes-and-circular-letters/pnap/APP/APP067.pdf; https://www.bd.gov.hk/doc/en/resources/codes-and-references/practice-notes-and-circular-letters/pnap/APP/APP156.pdf; https://www.emsd.gov.hk/beeo/en/mibec_beeo_codtechguidelines.html
ambitious,resid_urban,2080,0.823225,0.89,-7.503,13.345,1.154,https://www.bd.gov.hk/doc/en/resources/codes-and-references/practice-notes-and-circular-letters/pnap/APP/APP067.pdf; https://www.bd.gov.hk/doc/en/resources/codes-and-references/practice-notes-and-circular-letters/pnap/APP/APP156.pdf; https://www.emsd.gov.hk/beeo/en/mibec_beeo_codtechguidelines.html
ambitious,resid_urban,2085,0.820347,0.89,-7.826,13.648,1.15805,https://www.bd.gov.hk/doc/en/resources/codes-and-references/practice-notes-and-circular-letters/pnap/APP/APP067.pdf; https://www.bd.gov.hk/doc/en/resources/codes-and-references/practice-notes-and-circular-letters/pnap/APP/APP156.pdf; https://www.emsd.gov.hk/beeo/en/mibec_beeo_codtechguidelines.html
ambitious,resid_urban,2090,0.81748,0.89,-8.148,13.949,1.16211,https://www.bd.gov.hk/doc/en/resources/codes-and-references/practice-notes-and-circular-letters/pnap/APP/APP067.pdf; https://www.bd.gov.hk/doc/en/resources/codes-and-references/practice-notes-and-circular-letters/pnap/APP/APP156.pdf; https://www.emsd.gov.hk/beeo/en/mibec_beeo_codtechguidelines.html
ambitious,resid_urban,2095,0.814623,0.89,-8.469,14.25,1.16618,https://www.bd.gov.hk/doc/en/resources/codes-and-references/practice-notes-and-circular-letters/pnap/APP/APP067.pdf; https://www.bd.gov.hk/doc/en/resources/codes-and-references/practice-notes-and-circular-letters/pnap/APP/APP156.pdf; https://www.emsd.gov.hk/beeo/en/mibec_beeo_codtechguidelines.html
ambitious,resid_urban,2100,0.811776,0.89,-8.789,14.55,1.17027,https://www.bd.gov.hk/doc/en/resources/codes-and-references/practice-notes-and-circular-letters/pnap/APP/APP067.pdf; https://www.bd.gov.hk/doc/en/resources/codes-and-references/practice-notes-and-circular-letters/pnap/APP/APP156.pdf; https://www.emsd.gov.hk/beeo/en/mibec_beeo_codtechguidelines.html
